Fecha,NDX
10/19/2017,6092.620117
10/20/2017,6108.819824
10/23/2017,6067.830078
10/24/2017,6080.220215
10/25/2017,6055.040039
10/26/2017,6037.870117
10/27/2017,6213.470215
10/30/2017,6227.589844
10/31/2017,6248.560059
11/1/2017,6248.649902
11/2/2017,6236.390137
11/3/2017,6295.580078
11/6/2017,6313.609863
11/7/2017,6320.779785
11/8/2017,6345.810059
11/9/2017,6312.209961
11/10/2017,6309.069824
11/13/2017,6316.180176
11/14/2017,6293.640137
11/15/2017,6258.359863
11/16/2017,6339.140137
11/17/2017,6314.509766
11/20/2017,6308.609863
11/21/2017,6378.629883
11/22/2017,6386.120117
11/24/2017,6409.290039
11/27/2017,6405.970215
11/28/2017,6422.560059
11/29/2017,6311.379883
11/30/2017,6365.560059
12/1/2017,6337.870117
12/4/2017,6263.700195
12/5/2017,6265.109863
12/6/2017,6293.049805
12/7/2017,6316.279785
12/8/2017,6344.569824
12/11/2017,6393.890137
12/12/2017,6383.649902
12/13/2017,6394.669922
12/14/2017,6389.910156
12/15/2017,6466.319824
12/18/2017,6513.27002
12/19/2017,6480.669922
12/20/2017,6472.47998
12/21/2017,6472.689941
12/22/2017,6465.169922
12/26/2017,6433.160156
12/27/2017,6435.149902
12/28/2017,6441.419922
12/29/2017,6396.419922
1/2/2018,6511.339844
1/3/2018,6575.799805
1/4/2018,6584.580078
1/5/2018,6653.290039
1/8/2018,6676.629883
1/9/2018,6677.939941
1/10/2018,6662.660156
1/11/2018,6708.490234
1/12/2018,6758.540039
1/16/2018,6737.140137
1/17/2018,6810.279785
1/18/2018,6811.379883
1/19/2018,6834.330078
1/22/2018,6906.279785
1/23/2018,6963.459961
1/24/2018,6919.350098
1/25/2018,6916.299805
1/26/2018,7022.970215
1/29/2018,6988.319824
1/30/2018,6930.72998
1/31/2018,6949.990234
2/1/2018,6901.5
2/2/2018,6760.290039
2/5/2018,6495.919922
2/6/2018,6665.97998
2/7/2018,6582.02002
2/8/2018,6306.100098
2/9/2018,6412.680176
2/12/2018,6523.850098
2/13/2018,6553.859863
2/14/2018,6675.029785
2/15/2018,6794.919922
2/16/2018,6770.660156
2/20/2018,6779.689941
2/21/2018,6759.259766
2/22/2018,6761.850098
2/23/2018,6896.600098
2/26/2018,6989.100098
2/27/2018,6900.350098
2/28/2018,6854.419922
3/1/2018,6750.540039
3/2/2018,6811.040039
3/5/2018,6881.279785
3/6/2018,6913.02002
3/7/2018,6929.390137
3/8/2018,6966.430176
3/9/2018,7101.180176
3/12/2018,7131.120117
3/13/2018,7046.509766
3/14/2018,7040.97998
3/15/2018,7030.970215
3/16/2018,7019.950195
3/19/2018,6864.879883
3/20/2018,6885.919922
3/21/2018,6853.450195
3/22/2018,6682.259766
3/23/2018,6508.089844
3/26/2018,6753.830078
3/27/2018,6529.839844
3/28/2018,6460.810059
3/29/2018,6581.129883
4/2/2018,6390.839844
4/3/2018,6458.830078
4/4/2018,6560.060059
4/5/2018,6594.839844
4/6/2018,6433.209961
4/9/2018,6472.339844
4/10/2018,6615.870117
4/11/2018,6583.439941
4/12/2018,6656.259766
4/13/2018,6628.339844
4/16/2018,6675.180176
4/17/2018,6816.370117
4/18/2018,6833.209961
4/19/2018,6774.890137
4/20/2018,6667.75
4/23/2018,6648.799805
4/24/2018,6509.049805
4/25/2018,6513.939941
4/26/2018,6649.649902
4/27/2018,6656.350098
4/30/2018,6605.569824
5/1/2018,6681.959961
5/2/2018,6644.47998
5/3/2018,6643.47998
5/4/2018,6769.120117
5/7/2018,6821.870117
5/8/2018,6815.47998
5/9/2018,6893.209961
5/10/2018,6963.549805
5/11/2018,6952.560059
5/14/2018,6964.370117
5/15/2018,6888.540039
5/16/2018,6929.970215
5/17/2018,6901.629883
5/18/2018,6866.25
5/21/2018,6905.529785
5/22/2018,6893.620117
5/23/2018,6953.629883
5/24/2018,6949.700195
5/25/2018,6960.919922
5/29/2018,6926.540039
5/30/2018,6976.370117
5/31/2018,6967.72998
6/1/2018,7083.930176
6/4/2018,7143.569824
6/5/2018,7166.75
6/6/2018,7210.080078
6/7/2018,7152.830078
6/8/2018,7152.620117
6/11/2018,7168.47998
6/12/2018,7209.180176
6/13/2018,7205.259766
6/14/2018,7279.589844
6/15/2018,7255.759766
6/18/2018,7251.410156
6/19/2018,7228.040039
6/20/2018,7280.700195
6/21/2018,7217.490234
6/22/2018,7197.509766
6/25/2018,7038.169922
6/26/2018,7068.200195
6/27/2018,6969.669922
6/28/2018,7031.600098
6/29/2018,7040.799805
7/2/2018,7097.819824
7/3/2018,7014.549805
7/5/2018,7101.049805
7/6/2018,7207.330078
7/9/2018,7276
7/10/2018,7282.600098
7/11/2018,7243.97998
7/12/2018,7366.25
7/13/2018,7375.819824
7/16/2018,7357.899902
7/17/2018,7403.890137
7/18/2018,7390.129883
7/19/2018,7352.359863
7/20/2018,7350.22998
7/23/2018,7371.779785
7/24/2018,7406.25
7/25/2018,7508.589844
7/26/2018,7400.75
7/27/2018,7296.779785
7/30/2018,7193.100098
7/31/2018,7231.97998
8/1/2018,7272.890137
8/2/2018,7372.149902
8/3/2018,7395.490234
8/6/2018,7438.990234
8/7/2018,7462.649902
8/8/2018,7469.549805
8/9/2018,7466.959961
8/10/2018,7408.299805
8/13/2018,7401.169922
8/14/2018,7447.169922
8/15/2018,7354.660156
8/16/2018,7374.290039
8/17/2018,7377.540039
8/20/2018,7371.419922
8/21/2018,7397.22998
8/22/2018,7424.600098
8/23/2018,7413.839844
8/24/2018,7485.399902
8/27/2018,7559.129883
8/28/2018,7570.25
8/29/2018,7660.180176
8/30/2018,7642.669922
8/31/2018,7654.549805
9/4/2018,7622.319824
9/5/2018,7523.259766
9/6/2018,7453.169922
9/7/2018,7430.259766
9/10/2018,7447.680176
9/11/2018,7507.870117
9/12/2018,7488.060059
9/13/2018,7561.689941
9/14/2018,7545.5
9/17/2018,7434.72998
9/18/2018,7494.399902
9/19/2018,7490.319824
9/20/2018,7569.029785
9/21/2018,7531.069824
9/24/2018,7548.75
9/25/2018,7563.189941
9/26/2018,7563.089844
9/27/2018,7629.569824
9/28/2018,7627.649902
10/1/2018,7645.450195
10/2/2018,7628.279785
10/3/2018,7637.430176
10/4/2018,7490
10/5/2018,7399.009766
10/8/2018,7352.819824
10/9/2018,7371.620117
10/10/2018,7044.5
10/11/2018,6964.029785
10/12/2018,7157.209961
10/15/2018,7068.669922
10/16/2018,7276.430176
10/17/2018,7278.629883
10/18/2018,7116.089844
10/19/2018,7107.22998
10/22/2018,7141.209961
10/23/2018,7118.669922
10/24/2018,6789.149902
10/25/2018,7016.390137
10/26/2018,6852.399902
10/29/2018,6713.899902
10/30/2018,6810.120117
10/31/2018,6967.100098
11/1/2018,7069.169922
11/2/2018,6965.290039
11/5/2018,6937.089844
11/6/2018,6988.850098
11/7/2018,7203.129883
11/8/2018,7158.589844
11/9/2018,7039.149902
11/12/2018,6829.100098
11/13/2018,6830.910156
11/14/2018,6769.870117
11/15/2018,6890.450195
11/16/2018,6867.02002
11/19/2018,6642.919922
11/20/2018,6526.959961
11/21/2018,6575.660156
11/23/2018,6527.350098
11/26/2018,6678.339844
11/27/2018,6701.040039
11/28/2018,6913.330078
11/29/2018,6892.399902
11/30/2018,6949.009766
12/3/2018,7062.129883
12/4/2018,6795.209961
12/6/2018,6838.850098
12/7/2018,6613.279785
12/10/2018,6682.740234
12/11/2018,6704.240234
12/12/2018,6763.959961
12/13/2018,6767.970215
12/14/2018,6594.959961
12/17/2018,6448.390137
12/18/2018,6491.52002
12/19/2018,6342.970215
12/20/2018,6243.189941
12/21/2018,6046.560059
12/24/2018,5899.350098
12/26/2018,6262.77002
12/27/2018,6288.299805
12/28/2018,6285.27002
12/31/2018,6329.970215
1/2/2019,6360.870117
1/3/2019,6147.129883
1/4/2019,6422.669922
1/7/2019,6488.25
1/8/2019,6551.850098
1/9/2019,6600.689941
1/10/2019,6620.939941
1/11/2019,6601.399902
1/14/2019,6541.040039
1/15/2019,6669.640137
1/16/2019,6668.560059
1/17/2019,6718.450195
1/18/2019,6784.609863
1/22/2019,6646.810059
1/23/2019,6658.759766
1/24/2019,6702.549805
1/25/2019,6787.370117
1/28/2019,6697.089844
1/29/2019,6632.790039
1/30/2019,6807.910156
1/31/2019,6906.839844
2/1/2019,6875.52002
2/4/2019,6959.959961
2/5/2019,7023.52002
2/6/2019,6997.620117
2/7/2019,6904.97998
2/8/2019,6913.129883
2/11/2019,6909.180176
2/12/2019,7014.669922
2/13/2019,7015.879883
2/14/2019,7022.419922
2/15/2019,7055.180176
2/19/2019,7066.609863
2/20/2019,7062.339844
2/21/2019,7035.160156
2/22/2019,7090.629883
2/25/2019,7115.430176
2/26/2019,7123.220215
2/27/2019,7117
2/28/2019,7097.529785
3/1/2019,7151.569824
3/4/2019,7150.830078
3/5/2019,7156.790039
3/6/2019,7112.470215
3/7/2019,7026.879883
3/8/2019,7015.689941
3/11/2019,7164.02002
3/12/2019,7201.279785
3/13/2019,7256.97998
3/14/2019,7243.009766
3/15/2019,7306.990234
3/18/2019,7326.279785
3/19/2019,7349.279785
3/20/2019,7380.75
3/21/2019,7493.27002
3/22/2019,7326.060059
3/25/2019,7316.959961
3/26/2019,7351.149902
3/27/2019,7308.189941
3/28/2019,7320.470215
3/29/2019,7378.77002
4/1/2019,7478.419922
4/2/2019,7499.640137
4/3/2019,7544.970215
4/4/2019,7540.569824
4/5/2019,7578.839844
4/8/2019,7599.740234
4/9/2019,7568.490234
4/10/2019,7611.490234
4/11/2019,7594.890137
4/12/2019,7628.149902
4/15/2019,7629.120117
4/16/2019,7654.72998
4/17/2019,7680.720215
4/18/2019,7689.720215
4/22/2019,7713.490234
4/23/2019,7810.709961
4/24/2019,7784.410156
4/25/2019,7816.919922
4/26/2019,7826.680176
4/29/2019,7839.040039
4/30/2019,7781.459961
5/1/2019,7751.850098
5/2/2019,7724.060059
5/3/2019,7845.72998
5/6/2019,7794.089844
5/7/2019,7640.149902
5/8/2019,7617.549805
5/9/2019,7582.75
5/10/2019,7586.529785
5/13/2019,7324.129883
5/14/2019,7401.879883
5/15/2019,7503.25
5/16/2019,7580.140137
5/17/2019,7503.680176
5/20/2019,7376.700195
5/21/2019,7451.02002
5/22/2019,7420.660156
5/23/2019,7307.930176
5/24/2019,7300.959961
5/28/2019,7278.379883
5/29/2019,7216.859863
5/30/2019,7245.399902
5/31/2019,7127.959961
6/3/2019,6978.02002
6/4/2019,7166.75
6/5/2019,7220.899902
6/6/2019,7275.930176
6/7/2019,7417.290039
6/10/2019,7501.930176
6/11/2019,7513.850098
6/12/2019,7472.290039
6/13/2019,7510.680176
6/14/2019,7479.109863
6/17/2019,7526.52002
6/18/2019,7635.399902
6/19/2019,7667.740234
6/20/2019,7738.049805
6/21/2019,7728.779785
6/24/2019,7723.02002
6/25/2019,7591.540039
6/26/2019,7627.049805
6/27/2019,7657.049805
6/28/2019,7671.080078
7/1/2019,7768.140137
7/2/2019,7799.819824
7/3/2019,7857.689941
7/5/2019,7841.299805
7/8/2019,7785.790039
7/9/2019,7826.859863
7/10/2019,7903.399902
7/11/2019,7896.779785
7/12/2019,7943.240234
7/15/2019,7966.930176
7/16/2019,7927.080078
7/17/2019,7888.759766
7/18/2019,7904.129883
7/19/2019,7834.899902
7/22/2019,7905.120117
7/23/2019,7954.560059
7/24/2019,8010.609863
7/25/2019,7929.870117
7/26/2019,8016.950195
7/29/2019,7989.080078
7/30/2019,7952.470215
7/31/2019,7848.779785
8/1/2019,7801.149902
8/2/2019,7692.799805
8/5/2019,7415.689941
8/6/2019,7521.319824
8/7/2019,7551.899902
8/8/2019,7724.830078
8/9/2019,7646.27002
8/12/2019,7561.680176
8/13/2019,7728.149902
8/14/2019,7490.129883
8/15/2019,7484.890137
8/16/2019,7604.109863
8/19/2019,7719.319824
8/20/2019,7664.470215
8/21/2019,7733.220215
8/22/2019,7707.430176
8/23/2019,7464.990234
8/26/2019,7575.02002
8/27/2019,7566.029785
8/28/2019,7587.899902
8/29/2019,7702.310059
8/30/2019,7691
9/3/2019,7609.509766
9/4/2019,7719.25
9/5/2019,7862.540039
9/6/2019,7852.540039
9/9/2019,7832.399902
9/10/2019,7814.740234
9/11/2019,7887.580078
9/12/2019,7917.339844
9/13/2019,7892.950195
9/16/2019,7852.410156
9/17/2019,7888.790039
9/18/2019,7888.560059
9/19/2019,7901.790039
9/20/2019,7823.549805
9/23/2019,7818.609863
9/24/2019,7710.040039
9/25/2019,7803.540039
9/26/2019,7771.990234
9/27/2019,7681.580078
9/30/2019,7749.450195
10/1/2019,7684.140137
10/2/2019,7550.790039
10/3/2019,7638.390137
10/4/2019,7754.100098
10/7/2019,7725.129883
10/8/2019,7604.27002
10/9/2019,7690.529785
10/10/2019,7740.359863
10/11/2019,7843.879883
10/14/2019,7842.330078
10/15/2019,7942.850098
10/16/2019,7920.209961
10/17/2019,7942.140137
10/18/2019,7868.490234
10/21/2019,7940.330078
10/22/2019,7874.620117
10/23/2019,7889.470215
10/24/2019,7966.720215
10/25/2019,8029.220215
10/28/2019,8110.669922
10/29/2019,8047.509766
10/30/2019,8083.109863
10/31/2019,8083.830078
11/1/2019,8161.169922
11/4/2019,8210.660156
11/5/2019,8210.179688
11/6/2019,8196.030273
11/7/2019,8219.650391
11/8/2019,8255.889648
11/11/2019,8241.910156
11/12/2019,8263.790039
11/13/2019,8259.80957
11/14/2019,8257.830078
11/15/2019,8315.519531
11/18/2019,8328.480469
11/19/2019,8338.740234
11/20/2019,8283.75
11/21/2019,8265.620117
11/22/2019,8272.049805
11/25/2019,8371.929688
11/26/2019,8385.75
11/27/2019,8444.709961
11/29/2019,8403.679688
12/2/2019,8309.259766
12/3/2019,8254.740234
12/4/2019,8296.530273
12/5/2019,8308.400391
12/6/2019,8397.370117
12/9/2019,8362.740234
12/10/2019,8354.290039
12/11/2019,8402.610352
12/12/2019,8466.889648
12/13/2019,8487.709961
12/16/2019,8570.330078
12/17/2019,8575.700195
12/18/2019,8580.620117
12/19/2019,8641.290039
12/20/2019,8678.490234
12/23/2019,8696.009766
12/24/2019,8699.509766
12/26/2019,8778.30957
12/27/2019,8770.980469
12/30/2019,8709.730469
12/31/2019,8733.070313
1/2/2020,8872.219727
1/3/2020,8793.900391
1/6/2020,8848.519531
1/7/2020,8846.450195
1/8/2020,8912.370117
1/9/2020,8989.629883
1/10/2020,8966.639648
1/13/2020,9070.650391
1/14/2020,9033.419922
1/15/2020,9035.669922
1/16/2020,9125
1/17/2020,9173.730469
1/21/2020,9166.629883
1/22/2020,9188.580078
1/23/2020,9216.980469
1/24/2020,9141.469727
1/27/2020,8952.179688
1/28/2020,9090.929688
1/29/2020,9101.610352
1/30/2020,9136.089844
1/31/2020,8991.509766
2/3/2020,9126.230469
2/4/2020,9334.05957
2/5/2020,9367.480469
2/6/2020,9445.919922
2/7/2020,9401.099609
2/10/2020,9516.839844
2/11/2020,9517.860352
2/12/2020,9613.200195
2/13/2020,9595.700195
2/14/2020,9623.580078
2/18/2020,9629.799805
2/19/2020,9718.730469
2/20/2020,9627.830078
2/21/2020,9446.69043
2/24/2020,9079.629883
2/25/2020,8834.870117
2/26/2020,8873.759766
2/27/2020,8436.669922
2/28/2020,8461.830078
3/2/2020,8877.980469
3/3/2020,8594.490234
3/4/2020,8949.280273
3/5/2020,8671.660156
3/6/2020,8530.339844
3/9/2020,7948.029785
3/10/2020,8372.269531
3/11/2020,8006.120117
3/12/2020,7263.649902
3/13/2020,7995.259766
3/16/2020,7020.379883
3/17/2020,7473.950195
3/18/2020,7175.180176
3/19/2020,7288.52002
3/20/2020,6994.290039
3/23/2020,7006.919922
3/24/2020,7553.830078
3/25/2020,7469.620117
3/26/2020,7897.129883
3/27/2020,7588.370117
3/30/2020,7889.009766
3/31/2020,7813.5
4/1/2020,7486.290039
4/2/2020,7635.660156
4/3/2020,7528.109863
4/6/2020,8081.660156
4/7/2020,8049.310059
4/8/2020,8229.540039
4/9/2020,8238.530273
4/13/2020,8332.740234
4/14/2020,8692.160156
4/15/2020,8591.959961
4/16/2020,8757.830078
4/17/2020,8832.410156
4/20/2020,8726.509766
4/21/2020,8403
4/22/2020,8664.639648
4/23/2020,8641.5
4/24/2020,8786.599609
4/27/2020,8837.660156
4/28/2020,8677.599609
4/29/2020,8982.759766
4/30/2020,9000.509766
5/1/2020,8718.179688
5/4/2020,8834.110352
5/5/2020,8930.620117
5/6/2020,8984.860352
5/7/2020,9101.879883
5/8/2020,9220.349609
5/11/2020,9298.919922
5/12/2020,9112.450195
5/13/2020,9000.080078
5/14/2020,9094.419922
5/15/2020,9152.639648
5/18/2020,9331.929688
5/19/2020,9298.540039
5/20/2020,9485.019531
5/21/2020,9377.990234
5/22/2020,9413.990234
5/26/2020,9389.980469
5/27/2020,9442.049805
5/28/2020,9416.709961
5/29/2020,9555.530273
6/1/2020,9598.889648
6/2/2020,9657.30957
6/3/2020,9704.69043
6/4/2020,9629.660156
6/5/2020,9824.389648
6/8/2020,9901.519531
6/9/2020,9967.169922
6/10/2020,10094.25977
6/11/2020,9588.480469
6/12/2020,9663.780273
6/15/2020,9776.889648
6/16/2020,9949.370117
6/17/2020,9982.480469
6/18/2020,10012.0498
6/19/2020,10008.63965
6/22/2020,10130.33008
6/23/2020,10209.82031
6/24/2020,10002.7002
6/25/2020,10101.83008
6/26/2020,9849.360352
6/29/2020,9961.160156
6/30/2020,10156.84961
7/1/2020,10279.25
7/2/2020,10341.88965
7/6/2020,10604.05957
7/7/2020,10524.00977
7/8/2020,10666.7002
7/9/2020,10754.58984
7/10/2020,10836.33008
7/13/2020,10602.20996
7/14/2020,10689.51953
7/15/2020,10701.67969
7/16/2020,10626.45996
7/17/2020,10645.21973
7/20/2020,10952.08008
7/21/2020,10833.07031
7/22/2020,10870.75
7/23/2020,10580.58984
7/24/2020,10483.12988
7/27/2020,10674.37988
7/28/2020,10532.5
7/29/2020,10662.98047
7/30/2020,10715.50977
7/31/2020,10905.87988
8/3/2020,11055.08008
8/4/2020,11096.54004
8/5/2020,11125.44043
8/6/2020,11267.08008
8/7/2020,11139.38965
8/10/2020,11085.16992
8/11/2020,10876.08008
8/12/2020,11157.71973
8/13/2020,11178.37012
8/14/2020,11164.4502
8/17/2020,11288.57031
8/18/2020,11399.03027
8/19/2020,11318.63965
8/20/2020,11477.0498
8/21/2020,11555.16016
8/24/2020,11626.16992
8/25/2020,11721.80957
8/26/2020,11971.94043
8/27/2020,11926.16016
8/28/2020,11995.84961
8/31/2020,12110.7002
9/1/2020,12292.86035
9/2/2020,12420.54004
9/3/2020,11771.37012
9/4/2020,11622.12988
9/8/2020,11068.25977
9/9/2020,11395.84961
9/10/2020,11154.12012
9/11/2020,11087.40039
9/14/2020,11277.75977
9/15/2020,11438.87012
9/16/2020,11247.59961
9/17/2020,11080.9502
9/18/2020,10936.98047
9/21/2020,10980.21973
9/22/2020,11186.37012
9/23/2020,10833.33008
9/24/2020,10896.46973
9/25/2020,11151.12988
9/28/2020,11364.4502
9/29/2020,11322.9502
9/30/2020,11418.05957
10/1/2020,11583.2002
10/2/2020,11255.69043
10/5/2020,11509.05957
10/6/2020,11291.26953
10/7/2020,11503.19043
10/8/2020,11550.94043
10/9/2020,11725.84961
10/12/2020,12088.11035
10/13/2020,12083.16992
10/14/2020,11985.36035
10/15/2020,11898.57031
10/16/2020,11852.16992
10/19/2020,11634.34961
10/20/2020,11677.83984
10/21/2020,11665.37012
10/22/2020,11662.91016
10/23/2020,11692.57031
10/26/2020,11504.51953
10/27/2020,11598.9502
10/28/2020,11142.75977
10/29/2020,11350.74023
10/30/2020,11052.9502
11/2/2020,11084.75977
11/3/2020,11279.91016
11/4/2020,11777.01953
11/5/2020,12078.07031
11/6/2020,12091.34961
11/9/2020,11830.38965
11/10/2020,11624.29004
11/11/2020,11892.92969
11/12/2020,11827.13965
11/13/2020,11937.83984
11/16/2020,12013.37988
11/17/2020,11977.49023
11/18/2020,11894.70996
11/19/2020,11985.42969
11/20/2020,11906.44043
11/23/2020,11905.94043
11/24/2020,12079.80957
11/25/2020,12152.21973
11/27/2020,12258.20996
11/30/2020,12268.32031
12/1/2020,12455.33008
12/2/2020,12456.41016
12/3/2020,12467.12988
12/4/2020,12528.48047
12/7/2020,12596.46973
12/8/2020,12635.71973
12/9/2020,12364.63965
12/10/2020,12401.74023
12/11/2020,12375.41016
12/14/2020,12462.20996
12/15/2020,12595.91992
12/16/2020,12668.16016
12/17/2020,12752.05957
12/18/2020,12738.17969
12/21/2020,12690.25977
12/22/2020,12717.55957
12/23/2020,12653.13965
12/24/2020,12711.00977
12/28/2020,12838.86035
12/29/2020,12843.49023
12/30/2020,12845.36035
12/31/2020,12888.28027
1/4/2021,12694.66016
1/5/2021,12802.37988
1/6/2021,12623.34961
1/7/2021,12939.57031
1/8/2021,13105.2002
1/11/2021,12902.49023
1/12/2021,12892.08984
1/13/2021,12973.62988
1/14/2021,12898.69043
1/15/2021,12803.92969
1/19/2021,12996.54004
1/20/2021,13296.4502
1/21/2021,13404.99023
1/22/2021,13366.40039
1/25/2021,13483.29004
1/26/2021,13490.19043
1/27/2021,13112.65039
1/28/2021,13201.53027
1/29/2021,12925.37988
2/1/2021,13248.90039
2/2/2021,13456.12012
2/3/2021,13402.37012
2/4/2021,13560.88965
2/5/2021,13603.95996
2/8/2021,13695.01953
2/9/2021,13687.08008
2/10/2021,13655.26953
2/11/2021,13734.34961
2/12/2021,13807.7002
2/16/2021,13773.76953
2/17/2021,13699.70996
2/18/2021,13637.50977
2/19/2021,13580.78027
2/22/2021,13223.74023
2/23/2021,13194.70996
2/24/2021,13302.19043
2/25/2021,12828.30957
2/26/2021,12909.44043
3/1/2021,13282.9502
3/2/2021,13059.9502
3/3/2021,12683.33008
3/4/2021,12464
3/5/2021,12668.50977
3/8/2021,12299.08008
3/9/2021,12794.49023
3/10/2021,12752.07031
3/11/2021,13052.90039
3/12/2021,12937.29004
3/15/2021,13082.54004
3/16/2021,13152.28027
3/17/2021,13202.37988
3/18/2021,12789.13965
3/19/2021,12866.99023
3/22/2021,13086.50977
3/23/2021,13017.79004
3/24/2021,12798.87988
3/25/2021,12780.50977
3/26/2021,12979.12012
3/29/2021,12965.74023
3/30/2021,12896.53027
3/31/2021,13091.44043
4/1/2021,13329.51953
4/5/2021,13598.16016
4/6/2021,13578.45996
4/7/2021,13616.7002
4/8/2021,13758.50977
4/9/2021,13845.05957
4/12/2021,13819.34961
4/13/2021,13986.49023
4/14/2021,13803.91016
4/15/2021,14026.19043
4/16/2021,14041.91016
4/19/2021,13907.66992
4/20/2021,13809.2998
4/21/2021,13935.15039
4/22/2021,13762.36035
4/23/2021,13941.44043
4/26/2021,14026.16016
4/27/2021,13960.28027
4/28/2021,13901.62012
4/29/2021,13970.2002
4/30/2021,13860.75977
5/3/2021,13799.71973
5/4/2021,13544.66992
5/5/2021,13503.37012
5/6/2021,13613.73047
5/7/2021,13719.62988
5/10/2021,13359.08008
5/11/2021,13351.26953
5/12/2021,13001.62988
5/13/2021,13109.15039
5/14/2021,13393.12012
5/17/2021,13312.91016
5/18/2021,13217.67969
5/19/2021,13237.91016
5/20/2021,13494.08984
5/21/2021,13411.74023
5/24/2021,13641.75
5/25/2021,13657.73047
5/26/2021,13702.74023
5/27/2021,13657.84961
5/28/2021,13686.50977
6/1/2021,13654.58984
6/2/2021,13675.79004
6/3/2021,13529.67969
6/4/2021,13770.76953
6/7/2021,13802.88965
6/8/2021,13810.86035
6/9/2021,13814.94043
6/10/2021,13960.34961
6/11/2021,13998.2998
6/14/2021,14128.2002
6/15/2021,14030.41016
6/16/2021,13983.00977
6/17/2021,14163.80957
6/18/2021,14049.58008
6/21/2021,14137.23047
6/22/2021,14270.41992
6/23/2021,14274.24023
6/24/2021,14365.95996
6/25/2021,14345.17969
6/28/2021,14524.98047
6/29/2021,14572.75
6/30/2021,14554.7998
7/1/2021,14560.0498
7/2/2021,14727.62988
7/6/2021,14786.36035
7/7/2021,14810.54004
7/8/2021,14722.13965
7/9/2021,14826.08984
7/12/2021,14877.88965
7/13/2021,14874.54004
7/14/2021,14900.44043
7/15/2021,14794.69043
7/16/2021,14681.37988
7/19/2021,14549.08984
7/20/2021,14728.20996
7/21/2021,14842.62988
7/22/2021,14940.16992
7/23/2021,15111.79004
7/26/2021,15125.9502
7/27/2021,14956.96973
7/28/2021,15018.09961
7/29/2021,15048.36035
7/30/2021,14959.90039
8/2/2021,14963.62012
8/3/2021,15061.41992
8/4/2021,15083.38965
8/5/2021,15181.63965
8/6/2021,15109.36035
8/9/2021,15133.11035
8/10/2021,15053.58008
8/11/2021,15027.75977
8/12/2021,15088.98047
8/13/2021,15136.67969
8/16/2021,15140.76953
8/17/2021,15002.83008
8/18/2021,14857.91992
8/19/2021,14933.94043
8/20/2021,15092.57031
8/23/2021,15312.82031
8/24/2021,15357.67969
8/25/2021,15368.91992
8/26/2021,15278.51953
8/27/2021,15432.9502
8/30/2021,15605.08984
8/31/2021,15582.50977
9/1/2021,15611.57031
9/2/2021,15604.25
9/3/2021,15652.86035
9/7/2021,15675.75977
9/8/2021,15620.84961
9/9/2021,15561.0498
9/10/2021,15440.75
9/13/2021,15434.5
9/14/2021,15382.90039
9/15/2021,15503.53027
9/16/2021,15515.91016
9/17/2021,15333.46973
9/20/2021,15012.19043
9/21/2021,15027.76953
9/22/2021,15176.50977
9/23/2021,15316.58008
9/24/2021,15329.67969
9/27/2021,15204.82031
9/28/2021,14770.2998
9/29/2021,14752.88965
9/30/2021,14689.62012
10/1/2021,14791.87012
10/4/2021,14472.12012
10/5/2021,14674.15039
10/6/2021,14766.75
10/7/2021,14897.12988
10/8/2021,14820.75
10/11/2021,14713.73047
10/12/2021,14662.11035
10/13/2021,14774.59961
10/14/2021,15052.41992
10/15/2021,15146.91992
10/18/2021,15300.88965
10/19/2021,15410.71973
10/20/2021,15388.70996
10/21/2021,15489.58984
10/22/2021,15355.07031
10/25/2021,15514.19043
10/26/2021,15559.49023
10/27/2021,15598.38965
10/28/2021,15778.16016
10/29/2021,15850.46973
11/1/2021,15905.28027
11/2/2021,15972.49023
11/3/2021,16144.5
11/4/2021,16346.24023
11/5/2021,16359.37988
11/8/2021,16336.03027
11/9/2021,16219.94043
11/10/2021,15985.57031
11/11/2021,16032.46973
11/12/2021,16199.88965
11/15/2021,16189.12012
11/16/2021,16309.76953
11/17/2021,16308.07031
11/18/2021,16482.9707
11/19/2021,16573.33984
11/22/2021,16380.98047
11/23/2021,16306.71973
11/24/2021,16367.80957
11/26/2021,16025.58008
11/29/2021,16399.24023
11/30/2021,16135.91992
12/1/2021,15877.71973
12/2/2021,15990.75977
12/3/2021,15712.04004
12/6/2021,15846.16016
12/7/2021,16325.66016
12/8/2021,16394.33984
12/9/2021,16149.57031
12/10/2021,16331.98047
12/13/2021,16082.5498
12/14/2021,15914.90039
12/15/2021,16289.58984
12/16/2021,15863.94043
12/17/2021,15801.45996
12/20/2021,15627.63965
12/21/2021,15986.28027
12/22/2021,16180.13965
12/23/2021,16308.20996
12/27/2021,16567.5
12/28/2021,16488.66016
12/29/2021,16491.00977
12/30/2021,16429.09961
12/31/2021,16320.08008
1/3/2022,16501.76953
1/4/2022,16279.73047
1/5/2022,15771.78027
1/6/2022,15765.36035
1/7/2022,15592.19043
1/10/2022,15614.42969
1/11/2022,15844.12012
1/12/2022,15905.09961
1/13/2022,15495.62012
1/14/2022,15611.58984
1/18/2022,15210.75977
1/19/2022,15047.83984
1/20/2022,14846.45996
1/21/2022,14438.40039
1/24/2022,14509.58008
1/25/2022,14149.12012
1/26/2022,14172.75977
1/27/2022,14003.11035
1/28/2022,14454.61035
1/31/2022,14930.0498
2/1/2022,15019.67969
2/2/2022,15139.74023
2/3/2022,14501.11035
2/4/2022,14694.34961
2/7/2022,14571.25
2/8/2022,14747.03027
2/9/2022,15056.95996
2/10/2022,14705.63965
2/11/2022,14253.83984
2/14/2022,14268.58984
2/15/2022,14620.82031
2/16/2022,14603.63965
2/17/2022,14171.74023
2/18/2022,14009.54004
2/22/2022,13870.53027
2/23/2022,13509.42969
2/24/2022,13974.66992
2/25/2022,14189.16016
2/28/2022,14237.80957
3/1/2022,14005.99023
3/2/2022,14243.69043
3/3/2022,14035.20996
3/4/2022,13837.83008
3/7/2022,13319.37988
3/8/2022,13267.61035
3/9/2022,13742.2002
3/10/2022,13591
3/11/2022,13301.83008
3/14/2022,13046.63965
3/15/2022,13458.55957
3/16/2022,13956.79004
3/17/2022,14118.59961
3/18/2022,14420.08008
3/21/2022,14376.08984
3/22/2022,14654.33008
3/23/2022,14447.5498
3/24/2022,14765.69043
3/25/2022,14754.30957
3/28/2022,14987.40039
3/29/2022,15239.32031
3/30/2022,15071.5498
3/31/2022,14838.49023
4/1/2022,14861.20996
4/4/2022,15159.58008
4/5/2022,14820.63965
4/6/2022,14498.88965
4/7/2022,14531.80957
4/8/2022,14327.25977
4/11/2022,13990.20996
4/12/2022,13940.24023
4/13/2022,14217.29004
4/14/2022,13893.20996
4/18/2022,13910.75977
4/19/2022,14210.25977
4/20/2022,13998.53027
4/21/2022,13720.4502
4/22/2022,13356.87012
4/25/2022,13533.21973
4/26/2022,13009.70996
4/27/2022,13003.36035
4/28/2022,13456.05957
4/29/2022,12854.7998
5/2/2022,13075.84961
5/3/2022,13089.90039
5/4/2022,13535.70996
5/5/2022,12850.5498
5/6/2022,12693.53027
5/9/2022,12187.71973
5/10/2022,12345.86035
5/11/2022,11967.55957
5/12/2022,11945.5
5/13/2022,12387.40039
5/16/2022,12243.58008
5/17/2022,12564.09961
5/18/2022,11928.30957
5/19/2022,11875.62988
5/20/2022,11835.62012
5/23/2022,12034.28027
5/24/2022,11769.83984
5/25/2022,11943.92969
5/26/2022,12276.79004
5/27/2022,12681.41992
5/31/2022,12642.09961
6/1/2022,12548.36035
6/2/2022,12892.88965
6/3/2022,12548.03027
6/6/2022,12599.62988
6/7/2022,12711.67969
6/8/2022,12615.12988
6/9/2022,12269.78027
6/10/2022,11832.82031
6/13/2022,11288.32031
6/14/2022,11311.69043
6/15/2022,11593.76953
6/16/2022,11127.57031
6/17/2022,11265.99023
6/21/2022,11546.75977
6/22/2022,11527.70996
6/23/2022,11697.67969
6/24/2022,12105.84961
6/27/2022,12008.24023
6/28/2022,11637.76953
6/29/2022,11658.25977
6/30/2022,11503.71973
7/1/2022,11585.67969
7/5/2022,11779.90039
7/6/2022,11852.58984
7/7/2022,12109.0498
7/8/2022,12125.69043
7/11/2022,11860.28027
7/12/2022,11744.99023
7/13/2022,11728.53027
7/14/2022,11768.40039
7/15/2022,11983.62012
7/18/2022,11877.5
7/19/2022,12249.41992
7/20/2022,12439.67969
7/21/2022,12619.41016
7/22/2022,12396.46973
7/25/2022,12328.41016
7/26/2022,12086.90039
7/27/2022,12601.46973
7/28/2022,12717.87012
7/29/2022,12947.96973
8/1/2022,12940.78027
8/2/2022,12901.59961
8/3/2022,13253.25977
8/4/2022,13311.04004
8/5/2022,13207.69043
8/8/2022,13159.16016
8/9/2022,13008.16992
8/10/2022,13378.32031
8/11/2022,13291.99023
8/12/2022,13565.87012
8/15/2022,13667.17969
8/16/2022,13635.20996
8/17/2022,13470.86035
8/18/2022,13505.99023
8/19/2022,13242.90039
8/22/2022,12890.54004
8/23/2022,12881.79004
8/24/2022,12917.86035
8/25/2022,13143.58008
8/26/2022,12605.16992
8/29/2022,12484.32031
8/30/2022,12342.7002
8/31/2022,12272.03027
9/1/2022,12274.62012
9/2/2022,12098.44043
9/6/2022,12011.30957
9/7/2022,12259.38965
9/8/2022,12321.19043
9/9/2022,12588.29004
9/12/2022,12739.71973
9/13/2022,12033.62012
9/14/2022,12134.40039
9/15/2022,11927.49023
9/16/2022,11861.37988
9/19/2022,11953.26953
9/20/2022,11851.54004
9/21/2022,11637.79004
9/22/2022,11501.65039
9/23/2022,11311.24023
9/26/2022,11254.11035
9/27/2022,11271.75
9/28/2022,11493.83008
9/29/2022,11164.78027
9/30/2022,10971.21973
10/3/2022,11229.73047
10/4/2022,11582.54004
10/5/2022,11573.17969
10/6/2022,11485.5
10/7/2022,11039.46973
10/10/2022,10926.96973
10/11/2022,10791.34961
10/12/2022,10785.62012
10/13/2022,11033.58008
10/14/2022,10692.05957
10/17/2022,11062.53027
10/18/2022,11147.74023
10/19/2022,11103.37988
10/20/2022,11046.70996
10/21/2022,11310.33008
10/24/2022,11430.25977
10/25/2022,11669.99023
10/26/2022,11405.90039
10/27/2022,11191.62988
10/28/2022,11546.20996
10/31/2022,11405.57031
11/1/2022,11288.9502
11/2/2022,10906.33984
11/3/2022,10690.59961
11/4/2022,10857.03027
11/7/2022,10977
11/8/2022,11059.5
11/9/2022,10797.5498
11/10/2022,11605.95996
11/11/2022,11817.00977
11/14/2022,11700.94043
11/15/2022,11871.15039
11/16/2022,11699.08984
11/17/2022,11676.86035
11/18/2022,11677.01953
11/21/2022,11553.4502
11/22/2022,11724.83984
11/23/2022,11838.71973
11/25/2022,11756.03027
11/28/2022,11587.75
11/29/2022,11503.4502
11/30/2022,12030.05957
12/1/2022,12041.88965
12/2/2022,11994.25977
12/5/2022,11786.7998
12/6/2022,11549.69043
12/7/2022,11497.38965
12/8/2022,11637.5
12/9/2022,11563.33008
12/12/2022,11706.44043
12/13/2022,11834.20996
12/14/2022,11740.91992
12/15/2022,11345.21973
12/16/2022,11243.71973
12/19/2022,11084.58984
12/20/2022,11072.41992
12/21/2022,11235.87988
12/22/2022,10956.13965
12/23/2022,10985.4502
12/27/2022,10822.50977
12/28/2022,10679.33984
12/29/2022,10951.0498
12/30/2022,10939.75977
1/3/2023,10862.63965
1/4/2023,10914.7998
1/5/2023,10741.21973
1/6/2023,11040.34961
1/9/2023,11108.4502
1/10/2023,11205.78027
1/11/2023,11402.51953
1/12/2023,11459.61035
1/13/2023,11541.48047
1/17/2023,11557.19043
1/18/2023,11410.29004
1/19/2023,11295.66992
1/20/2023,11619.03027
1/23/2023,11872.54004
1/24/2023,11846.63965
1/25/2023,11814.69043
1/26/2023,12051.48047
1/27/2023,12166.59961
1/30/2023,11912.38965
1/31/2023,12101.92969
2/1/2023,12363.09961
2/2/2023,12803.13965
2/3/2023,12573.36035
2/6/2023,12464.50977
2/7/2023,12728.26953
2/8/2023,12495.37988
2/9/2023,12381.16992
2/10/2023,12304.91992
2/13/2023,12502.30957
2/14/2023,12590.88965
2/15/2023,12687.88965
2/16/2023,12442.48047
2/17/2023,12358.17969
2/21/2023,12060.2998
2/22/2023,12066.26953
2/23/2023,12180.13965
2/24/2023,11969.65039
2/27/2023,12057.79004
2/28/2023,12042.12012
3/1/2023,11938.57031
3/2/2023,12044.87012
3/3/2023,12290.80957
3/6/2023,12302.48047
3/7/2023,12152.16992
3/8/2023,12215.33008
3/9/2023,11995.87988
3/10/2023,11830.28027
3/13/2023,11923.16992
3/14/2023,12199.79004
3/15/2023,12251.32031
3/16/2023,12581.38965
3/17/2023,12519.87988
3/20/2023,12562.61035
3/21/2023,12741.44043
3/22/2023,12567.15039
3/23/2023,12729.23047
3/24/2023,12767.0498
3/27/2023,12673.07031
3/28/2023,12610.57031
3/29/2023,12846.03027
3/30/2023,12963.13965
3/31/2023,13181.34961
4/3/2023,13148.34961
4/4/2023,13100.08008
4/5/2023,12967.2002
4/6/2023,13062.59961
4/10/2023,13051.23047
4/11/2023,12964.15039
4/12/2023,12848.34961
4/13/2023,13109.38965
4/14/2023,13079.51953
4/17/2023,13087.70996
4/18/2023,13091.79004
4/19/2023,13088.70996
4/20/2023,12985.98047
4/21/2023,13000.76953
4/24/2023,12969.75977
4/25/2023,12725.11035
4/26/2023,12806.48047
4/27/2023,13160.03027
4/28/2023,13245.99023
5/1/2023,13231.46973
5/2/2023,13113.66016
5/3/2023,13030.20996
5/4/2023,12982.48047
5/5/2023,13259.12988
5/8/2023,13291.63965
5/9/2023,13201.11035
5/10/2023,13347.83008
5/11/2023,13389.78027
5/12/2023,13340.17969
5/15/2023,13413.50977
5/16/2023,13426.00977
5/17/2023,13589.25977
5/18/2023,13834.62012
5/19/2023,13803.49023
5/22/2023,13849.74023
5/23/2023,13672.54004
5/24/2023,13604.48047
5/25/2023,13938.53027
5/26/2023,14298.41016
5/30/2023,14354.99023
5/31/2023,14254.08984
6/1/2023,14441.50977
6/2/2023,14546.63965
6/5/2023,14556.5
6/6/2023,14558.08984
6/7/2023,14303.29004
6/8/2023,14484.54004
6/9/2023,14528.36035
6/12/2023,14784.2998
6/13/2023,14900.84961
6/14/2023,15005.69043
6/15/2023,15185.48047
6/16/2023,15083.91992
6/20/2023,15070.15039
6/21/2023,14867.4502
6/22/2023,15042.32031
6/23/2023,14891.48047
6/26/2023,14689.01953
6/27/2023,14945.91016
6/28/2023,14964.57031
6/29/2023,14939.9502
6/30/2023,15179.20996
7/3/2023,15208.69043
7/5/2023,15203.78027
7/6/2023,15089.4502
7/7/2023,15036.84961
7/10/2023,15045.63965
7/11/2023,15119.05957
7/12/2023,15307.23047
7/13/2023,15571.98047
7/14/2023,15565.59961
7/17/2023,15713.28027
7/18/2023,15841.34961
7/19/2023,15826.34961
7/20/2023,15466.08984
7/21/2023,15425.66992
7/24/2023,15448.01953
7/25/2023,15561.41992
7/26/2023,15499.25977
7/27/2023,15464.92969
7/28/2023,15750.92969
7/31/2023,15757
8/1/2023,15718.00977
8/2/2023,15370.74023
8/3/2023,15353.54004
8/4/2023,15274.91992
8/7/2023,15407.84961
8/8/2023,15273.0498
8/9/2023,15101.70996
8/10/2023,15128.83984
8/11/2023,15028.07031
8/14/2023,15205.58984
8/15/2023,15037.65039
8/16/2023,14876.46973
8/17/2023,14715.80957
8/18/2023,14694.83984
8/21/2023,14936.69043
8/22/2023,14908.95996
8/23/2023,15148.05957
8/24/2023,14816.44043
8/25/2023,14941.83008
8/28/2023,15052.45996
8/29/2023,15376.5498
8/30/2023,15462.42969
8/31/2023,15501.07031
9/1/2023,15490.86035
9/5/2023,15508.24023
9/6/2023,15371.44043
9/7/2023,15258.51953
9/8/2023,15280.23047
9/11/2023,15461.87012
9/12/2023,15289.74023
9/13/2023,15348.53027
9/14/2023,15473.88965
9/15/2023,15202.40039
9/18/2023,15225.37012
9/19/2023,15191.23047
9/20/2023,14969.91992
9/21/2023,14694.24023
9/22/2023,14701.09961
9/25/2023,14768.90039
9/26/2023,14545.83008
9/27/2023,14580.16016
9/28/2023,14702.76953
9/29/2023,14715.24023
10/2/2023,14837.57031
10/3/2023,14565.62012
10/4/2023,14776.25
10/5/2023,14723.21973
10/6/2023,14973.24023
10/9/2023,15047.15039
10/10/2023,15131.51953
10/11/2023,15241.12012
10/12/2023,15184.09961
10/13/2023,14995.12012
10/16/2023,15172.73047
10/17/2023,15122.00977
10/18/2023,14909.25977
10/19/2023,14783.12988
10/20/2023,14560.87988
10/23/2023,14604.84961
10/24/2023,14745.86035
10/25/2023,14381.63965
10/26/2023,14109.57031
10/27/2023,14180.41992
10/30/2023,14335.50977
10/31/2023,14409.78027
11/1/2023,14664.91016
11/2/2023,14919.5498
11/3/2023,15099.49023
11/6/2023,15154.92969
11/7/2023,15296.01953
11/8/2023,15313.24023
11/9/2023,15187.90039
11/10/2023,15529.12012
11/13/2023,15482.79004
11/14/2023,15812.46973
11/15/2023,15817.17969
11/16/2023,15833.16992
11/17/2023,15837.99023
11/20/2023,16027.05957
11/21/2023,15933.62012
11/22/2023,16001.38965
11/24/2023,15982.00977
11/27/2023,15961.98047
11/28/2023,16010.42969
11/29/2023,15987.59961
11/30/2023,15947.87012
12/1/2023,15997.58008
12/4/2023,15839.66992
12/5/2023,15877.70996
12/6/2023,15788.0498
12/7/2023,16022.49023
12/8/2023,16084.69043
12/11/2023,16221.73047
12/12/2023,16354.25
12/13/2023,16562.36914
12/14/2023,16537.83008
12/15/2023,16623.44922
12/18/2023,16729.80078
12/19/2023,16811.84961
12/20/2023,16554.16016
12/21/2023,16757.41016
12/22/2023,16777.40039
12/26/2023,16878.46094
12/27/2023,16906.80078
12/28/2023,16898.4707
12/29/2023,16825.92969
